<?xml version="1.0"?>
<doc>
    <assembly>
        <name>TaffyScript</name>
    </assembly>
    <members>
        <member name="T:TaffyScript.WeakBaseTypeAttribute">
            <summary>
            Tags a type as a TaffyScript base type.
            </summary>
        </member>
        <member name="T:TaffyScript.DataStructureDestroyedException">
            <summary>
            Exception thrown when trying to access a data structure that no longer exists.
            </summary>
        </member>
        <member name="T:TaffyScript.DsList">
            <summary>
            Basic List implementation attempting to keep the same api as the ds_list from Gamemaker.
            </summary>
        </member>
        <member name="M:TaffyScript.DsList.DsListAdd(TaffyScript.TsObject[])">
            <summary>
            Adds a value to a list.
            </summary>
        </member>
        <member name="M:TaffyScript.DsList.DsListClear(System.Int32)">
            <summary>
            Clears all values from a list.
            </summary>
            <param name="id"></param>
        </member>
        <member name="M:TaffyScript.DsList.DsListCopy(System.Int32,System.Int32)">
            <summary>
            Copies the contents from a source list to a destination list, clearing all previous contents in the destination.
            </summary>
            <param name="id"></param>
            <param name="source"></param>
        </member>
        <member name="M:TaffyScript.DsList.DsListCreate">
            <summary>
            Creates a new list.
            </summary>
            <returns></returns>
        </member>
        <member name="M:TaffyScript.DsList.DsListDelete(System.Int32,System.Int32)">
            <summary>
            Removes the value at the specified position within a list.
            </summary>
            <param name="id"></param>
            <param name="position"></param>
        </member>
        <member name="M:TaffyScript.DsList.DsListDestroy(System.Int32)">
            <summary>
            Destroys a previously created list.
            </summary>
            <param name="id"></param>
        </member>
        <member name="M:TaffyScript.DsList.DsListEmpty(System.Int32)">
            <summary>
            Determines if a list is empty.
            </summary>
            <param name="id"></param>
            <returns></returns>
        </member>
        <member name="M:TaffyScript.DsList.DsListFindIndex(System.Int32,TaffyScript.TsObject)">
            <summary>
            Finds the index of the given value within a list.
            </summary>
            <param name="id">List id</param>
            <param name="value">The value to find.</param>
            <returns></returns>
        </member>
        <member name="M:TaffyScript.DsList.DsListFindValue(System.Int32,System.Int32)">
            <summary>
            Gets the value stored in specified list index.
            </summary>
            <param name="id">List id</param>
            <param name="index">The index of the value.</param>
            <returns></returns>
        </member>
        <member name="M:TaffyScript.DsList.DsListInsert(System.Int32,System.Int32,TaffyScript.TsObject)">
            <summary>
            Inserts a value at the specified location.
            </summary>
            <param name="id">List id</param>
            <param name="pos">Position index</param>
            <param name="val">Value to insert</param>
        </member>
        <member name="M:TaffyScript.DsList.DsListReplace(System.Int32,System.Int32,TaffyScript.TsObject)">
            <summary>
            Replaces a value at the specfied index.
            </summary>
            <param name="id">List id</param>
            <param name="pos">Position index</param>
            <param name="val">Value to replace with</param>
        </member>
        <member name="M:TaffyScript.DsList.DsListSet(TaffyScript.TsObject[])">
            <summary>
            Sets a value at the specified position within a list.
            </summary>
            <remarks>
            Do not change the signature of this method. It is used within the compiler when using the following syntax:
            list[| 0] = "foo";
            </remarks>
        </member>
        <member name="M:TaffyScript.DsList.DsListShuffle(System.Int32)">
            <summary>
            Shuffles all of the values within a list.
            </summary>
            <param name="id"></param>
        </member>
        <member name="M:TaffyScript.DsList.DsListSize(System.Int32)">
            <summary>
            Gets the number of elements within a list.
            </summary>
            <param name="id"></param>
            <returns></returns>
        </member>
        <member name="M:TaffyScript.DsList.DsListSort(System.Int32)">
            <summary>
            Sorts all of the elements within a list.
            </summary>
            <param name="id"></param>
        </member>
        <member name="T:TaffyScript.DsMap">
            <summary>
            Basic Map implementation attempting to keep the same api as the ds_map from Gamemaker.
            </summary>
        </member>
        <member name="M:TaffyScript.DsMap.DsMapAdd(System.Int32,TaffyScript.TsObject,TaffyScript.TsObject)">
            <summary>
            Adds a value to a map with the given key.
            </summary>
            <param name="id">Map id</param>
            <param name="key">The key to add the value to</param>
            <param name="value">The value to add</param>
            <returns></returns>
        </member>
        <member name="M:TaffyScript.DsMap.DsMapClear(System.Int32)">
            <summary>
            Clears all of the values from aa map.
            </summary>
            <param name="id"></param>
        </member>
        <member name="M:TaffyScript.DsMap.DsMapCopy(System.Int32,System.Int32)">
            <summary>
            Copies all values from a source map to a destination map, clearing the destination map first.
            </summary>
            <param name="id">The destination map id</param>
            <param name="source">The source map id</param>
        </member>
        <member name="M:TaffyScript.DsMap.DsMapCreate">
            <summary>
            Creates a new map
            </summary>
            <returns></returns>
        </member>
        <member name="M:TaffyScript.DsMap.DsMapDelete(System.Int32,TaffyScript.TsObject)">
            <summary>
            Deletes the value with the specified key from a map
            </summary>
            <param name="id">Map id</param>
            <param name="key">The key to delete</param>
        </member>
        <member name="M:TaffyScript.DsMap.DsMapDestroy(System.Int32)">
            <summary>
            Destroys a previously created map
            </summary>
            <param name="id">Map id</param>
        </member>
        <member name="M:TaffyScript.DsMap.DsMapEmpty(System.Int32)">
            <summary>
            Determines if a map is empty
            </summary>
            <param name="id">Map id</param>
            <returns></returns>
        </member>
        <member name="M:TaffyScript.DsMap.DsMapExists(System.Int32,TaffyScript.TsObject)">
            <summary>
            Determines if a key exists within a map.
            </summary>
            <param name="id">Map id</param>
            <param name="key">The key to find</param>
            <returns></returns>
        </member>
        <member name="M:TaffyScript.DsMap.DsMapFindValue(System.Int32,TaffyScript.TsObject)">
            <summary>
            Finds the value with the specified key within a map.
            </summary>
            <param name="id">Map id</param>
            <param name="key">The key used to find the value</param>
            <returns></returns>
        </member>
        <member name="M:TaffyScript.DsMap.DsMapKeys(System.Int32)">
            <summary>
            Gets all of the keys within a map as an array.
            </summary>
            <param name="id">Map id</param>
            <returns></returns>
        </member>
        <member name="M:TaffyScript.DsMap.DsMapReplace(System.Int32,TaffyScript.TsObject,TaffyScript.TsObject)">
            <summary>
            Replaces the value with the given key with a new value.
            </summary>
            <param name="id">Map id</param>
            <param name="key">The key to replace</param>
            <param name="value">The new value</param>
        </member>
        <member name="M:TaffyScript.DsMap.DsMapSize(System.Int32)">
            <summary>
            Gets the number of elements within a map
            </summary>
            <param name="id"></param>
            <returns></returns>
        </member>
        <member name="T:TaffyScript.Collections.LookupTable`3">
            <summary>
            Implements a generic Row-Column lookup table.
            </summary>
            <remarks>
            This is just a helper class used to make working with nested dictionaries less tedius.
            </remarks>
            <typeparam name="TRow"></typeparam>
            <typeparam name="TCol"></typeparam>
            <typeparam name="TValue"></typeparam>
        </member>
        <member name="P:TaffyScript.Collections.LookupTable`3.Item(`0,`1)">
            <summary>
            Gets or sets the value at the associated row and column.
            </summary>
            <param name="row">The row of the value to get or set.</param>
            <param name="col">The column of the value to get or set.</param>
        </member>
        <member name="M:TaffyScript.Collections.LookupTable`3.#ctor">
            <summary>
            Constructs a new <see cref="T:TaffyScript.Collections.LookupTable`3"/> with default values.
            </summary>
        </member>
        <member name="M:TaffyScript.Collections.LookupTable`3.#ctor(System.Collections.Generic.ICollection{TaffyScript.Collections.TableItem{`0,`1,`2}})">
            <summary>
            Constructs a new <see cref="T:TaffyScript.Collections.LookupTable`3"/> with the values from the given <paramref name="source"/> inserted.
            </summary>
            <param name="source">A collection of values to be inserted into the table.</param>
        </member>
        <member name="M:TaffyScript.Collections.LookupTable`3.#ctor(System.Collections.Generic.ICollection{TaffyScript.Collections.TableItem{`0,`1,`2}},System.Collections.Generic.IEqualityComparer{`0},System.Collections.Generic.IEqualityComparer{`1})">
            <summary>
            Initializes a new <see cref="T:TaffyScript.Collections.LookupTable`3"/> with the values from the given <paramref name="source"/> inserted
            and using the specified <see cref="T:System.Collections.Generic.IEqualityComparer`1"/>'s for the rows and columns.
            </summary>
            <param name="source">A collection of values to be inserted into the table.</param>
            <param name="rowComparer">The <see cref="T:System.Collections.Generic.IEqualityComparer`1"/> used when comparing row values.</param>
            <param name="columnComparer">The <see cref="T:System.Collections.Generic.IEqualityComparer`1"/> used when comparing column values.</param>
        </member>
        <member name="M:TaffyScript.Collections.LookupTable`3.#ctor(System.Collections.Generic.IEqualityComparer{`0},System.Collections.Generic.IEqualityComparer{`1})">
            <summary>
            Initializes a new <see cref="T:TaffyScript.Collections.LookupTable`3"/> using the specified <see cref="T:System.Collections.Generic.IEqualityComparer`1"/>'s for the rows and columns.
            </summary>
            <param name="rowComparer">The <see cref="T:System.Collections.Generic.IEqualityComparer`1"/> used when comparing row values.</param>
            <param name="columnComparer">The <see cref="T:System.Collections.Generic.IEqualityComparer`1"/> used when comparing column values.</param>
        </member>
        <member name="M:TaffyScript.Collections.LookupTable`3.#ctor(System.Int32,System.Int32)">
            <summary>
            Initializes a new <see cref="T:TaffyScript.Collections.LookupTable`3"/> with a default capacity for the rows and columns.
            </summary>
            <param name="defaultRows">The default capacity for the rows.</param>
            <param name="defaultColumns">The default capacity for the columns.</param>
        </member>
        <member name="M:TaffyScript.Collections.LookupTable`3.#ctor(System.Int32,System.Int32,System.Collections.Generic.IEqualityComparer{`0},System.Collections.Generic.IEqualityComparer{`1})">
            <summary>
            Initializes a new <see cref="T:TaffyScript.Collections.LookupTable`3"/> with a default capacity for the rows and columns 
            and using the specified <see cref="T:System.Collections.Generic.IEqualityComparer`1"/>'s for the rows and columns.
            </summary>
            <param name="defaultRows">The default capacity for the rows.</param>
            <param name="defaultColumns">The default capacity for the columns.</param>
            <param name="rowComparer">The <see cref="T:System.Collections.Generic.IEqualityComparer`1"/> used when comparing row values.</param>
            <param name="columnComparer">The <see cref="T:System.Collections.Generic.IEqualityComparer`1"/> used when comparing column values.</param>
        </member>
        <member name="M:TaffyScript.Collections.LookupTable`3.Add(`0,`1,`2)">
            <summary>
            Adds a value at the specified row and column.
            </summary>
            <param name="row">The row to add the value.</param>
            <param name="col">The column to add the value.</param>
            <param name="value">The value to add.</param>
        </member>
        <member name="M:TaffyScript.Collections.LookupTable`3.Clear">
            <summary>
            Removes all values from the <see cref="T:TaffyScript.Collections.LookupTable`3"/>.
            </summary>
        </member>
        <member name="M:TaffyScript.Collections.LookupTable`3.ContainsIndex(`0,`1)">
            <summary>
            Determines if any item has been inserted at the specified row and column.
            </summary>
            <param name="row">The row to check.</param>
            <param name="col">The column to check.</param>
            <returns></returns>
        </member>
        <member name="M:TaffyScript.Collections.LookupTable`3.ContainsValue(`2)">
            <summary>
            Determines if the specified value has been inserted.
            </summary>
            <param name="value">The value to look for.</param>
        </member>
        <member name="M:TaffyScript.Collections.LookupTable`3.ContainsValue(`2,System.Collections.Generic.IEqualityComparer{`2})">
            <summary>
            Determines if the specified value exists using the <see cref="T:System.Collections.Generic.IEqualityComparer`1"/> to determine equality.
            </summary>
            <param name="value">The value to look for.</param>
            <param name="comparer">The <see cref="T:System.Collections.Generic.IEqualityComparer`1"/> used to determine the equality of the values.</param>
        </member>
        <member name="M:TaffyScript.Collections.LookupTable`3.Remove(`0,`1)">
            <summary>
            Removes a value at the given row and column.
            </summary>
            <param name="row">The row of the value.</param>
            <param name="col">The column of the value.</param>
        </member>
        <member name="M:TaffyScript.Collections.LookupTable`3.TryGetValue(`0,`1,`2@)">
            <summary>
            Attempts to find the value at the given row and column. Returns true if the value was found, false otherwise.
            </summary>
            <param name="row">The row of the value.</param>
            <param name="col">The column of the value.</param>
            <param name="value">When the method returns, this contains the value of the index if successful, otherwise it contains a default value.</param>
            <returns></returns>
        </member>
        <member name="M:TaffyScript.TaffyScriptLoader.Load(System.String)">
            <summary>
            Loads a TaffyScript from the specified path and initializes it.
            </summary>
            <param name="path"></param>
        </member>
        <member name="T:TaffyScript.InstanceEvent">
            <summary>
            Method signature of a TaffyScript event.
            </summary>
            <param name="inst">The target of the event</param>
        </member>
        <member name="T:TaffyScript.Script">
            <summary>
            Method signature of a TaffyScript script.
            </summary>
            <param name="args">The arguments used to call the script</param>
        </member>
        <member name="T:TaffyScript.TsInstance">
            <summary>
            Represents an object instance in TaffyScript.
            </summary>
        </member>
        <member name="P:TaffyScript.TsInstance.Types">
            <summary>
            Gets a list of all of the types defined by the loaded TaffyScript assemblies.
            </summary>
        </member>
        <member name="P:TaffyScript.TsInstance.Events">
            <summary>
            Used to find and call the events defined by the loaded TaffyScript assemblies.
            <para>
            Row = ObjectType (including namespace),  Column = EventName
            </para>
            </summary>
        </member>
        <member name="P:TaffyScript.TsInstance.Scripts">
            <summary>
            Used to get the implementation of a script from it's name (which must include it's namespace).
            </summary>
        </member>
        <member name="P:TaffyScript.TsInstance.Inherits">
            <summary>
            Used to get the parent type of an object type. The object name must include its namespace.
            </summary>
        </member>
        <member name="P:TaffyScript.TsInstance.EventType">
            <summary>
            Gets a stack trace of the currently executing events.
            </summary>
        </member>
        <member name="F:TaffyScript.TsInstance.Global">
            <summary>
            Gets the isntance used to store global variables.
            </summary>
        </member>
        <member name="P:TaffyScript.TsInstance.Item(System.String)">
            <summary>
            Gets or sets a value based on a variable name.
            </summary>
            <param name="variableName">The name of the variable</param>
            <returns></returns>
        </member>
        <member name="P:TaffyScript.TsInstance.Id">
            <summary>
            Gets the id of this instance.
            </summary>
        </member>
        <member name="P:TaffyScript.TsInstance.ObjectType">
            <summary>
            Gets the type of this instance.
            </summary>
        </member>
        <member name="P:TaffyScript.TsInstance.Parent">
            <summary>
            Gets the parent type of this instance.
            </summary>
        </member>
        <member name="M:TaffyScript.TsInstance.TryGetEvent(System.String,TaffyScript.InstanceEvent@)">
            <summary>
            Gets an event defined by this instance.
            </summary>
            <param name="name">The name of the event.</param>
            <param name="instanceEvent">If found, the event.</param>
            <returns>True if found, false otherwise.</returns>
        </member>
        <member name="M:TaffyScript.TsInstance.TryGetEvent(System.String,System.String,TaffyScript.InstanceEvent@)">
            <summary>
            Gets an event defined by the given type.
            </summary>
            <param name="type">The type that defines the event</param>
            <param name="name">The name of the event.</param>
            <param name="instanceEvent">If found, the event.</param>
            <returns>True if found, otherwise false.</returns>
        </member>
        <member name="M:TaffyScript.TsInstance.InstanceChange(System.String,System.Boolean)">
            <summary>
            Changes the currently executing instance into a new type
            </summary>
            <param name="newObj">The name of the new type</param>
            <param name="performEvents">Determines whether or not to perform the destroy and create events when changing.</param>
        </member>
        <member name="M:TaffyScript.TsInstance.InstanceCopy(System.Boolean)">
            <summary>
            Copies the currently executing instance and returns the copy.
            </summary>
            <param name="performEvents">Determines whther or not to perform the create event on the copy.</param>
            <returns></returns>
        </member>
        <member name="M:TaffyScript.TsInstance.InstanceCreate(System.String)">
            <summary>
            Creates a new instance of the given type.
            </summary>
            <param name="instanceType">The name of the TaffyScript object type.</param>
            <returns></returns>
        </member>
        <member name="M:TaffyScript.TsInstance.InstanceDestroy(System.Single)">
            <summary>
            Destroys a previously created instance.
            </summary>
            <param name="id">Instance id</param>
        </member>
        <member name="M:TaffyScript.TsInstance.InstanceExists(System.Single)">
            <summary>
            Determines if an instance with the given id exists.
            </summary>
            <param name="id">Instance id</param>
            <returns></returns>
        </member>
        <member name="M:TaffyScript.TsInstance.InstanceFind(System.String,System.Int32)">
            <summary>
            Finds the nth occurence of the specified instance.
            </summary>
            <param name="obj">The object type to find</param>
            <param name="n">The index of the object</param>
            <returns></returns>
        </member>
        <member name="M:TaffyScript.TsInstance.InstanceNumber(System.String)">
            <summary>
            Gets the number of instances of a given type.
            </summary>
            <param name="obj">The name of the object type</param>
            <returns></returns>
        </member>
        <member name="M:TaffyScript.TsInstance.ObjectGetName(TaffyScript.TsInstance)">
            <summary>
            Gets the object type of an instance.
            </summary>
            <param name="inst">Instance to get the type from.</param>
            <returns></returns>
        </member>
        <member name="M:TaffyScript.TsInstance.ObjectGetParent(TaffyScript.TsInstance)">
            <summary>
            Gets the parent of the specified instance.
            </summary>
            <param name="inst">Instance to get the parent type from.</param>
            <returns></returns>
        </member>
        <member name="M:TaffyScript.TsInstance.ObjectIsAncestor(System.String,System.String)">
            <summary>
            Determines if an object type inherits from a parent type.
            </summary>
            <param name="obj">The object type.</param>
            <param name="par">The parent type</param>
            <returns></returns>
        </member>
        <member name="M:TaffyScript.TsInstance.VariableGlobalExists(System.String)">
            <summary>
            Determines if a global variable with the specified name exists.
            </summary>
            <param name="name">The name of the global variable</param>
            <returns></returns>
        </member>
        <member name="M:TaffyScript.TsInstance.VariableGlobalGet(System.String)">
            <summary>
            Gets the value of a global variable.
            </summary>
            <param name="name">The name of the gloable variable</param>
            <returns></returns>
        </member>
        <member name="M:TaffyScript.TsInstance.VariableGlobalGetNames">
            <summary>
            Gets the names of all the global variables.
            </summary>
            <returns></returns>
        </member>
        <member name="M:TaffyScript.TsInstance.VariableGlobalSet(System.String,TaffyScript.TsObject)">
            <summary>
            Sets the value of a global variable.
            </summary>
            <param name="name">The name of the global variable</param>
            <param name="value">The value to set</param>
        </member>
        <member name="M:TaffyScript.TsInstance.VariableInstanceExists(TaffyScript.TsInstance,System.String)">
            <summary>
            Determines if an instance has a variable with the given name
            </summary>
            <param name="inst">The instance to check</param>
            <param name="name">The name of the variable</param>
            <returns></returns>
        </member>
        <member name="M:TaffyScript.TsInstance.VariableInstanceGet(TaffyScript.TsInstance,System.String)">
            <summary>
            Gets the value of an instance variable.
            </summary>
            <param name="inst">The instance to get the value from</param>
            <param name="name">The name of the variable</param>
            <returns></returns>
        </member>
        <member name="M:TaffyScript.TsInstance.VariableInstanceGetNames(TaffyScript.TsInstance)">
            <summary>
            Gets the names of all of the variables defined by an instance.
            </summary>
            <param name="inst">The instance to get the variable names from</param>
            <returns></returns>
        </member>
        <member name="M:TaffyScript.TsInstance.VariableInstanceSet(TaffyScript.TsInstance,System.String,TaffyScript.TsObject)">
            <summary>
            Sets a variable on an instance
            </summary>
            <param name="inst">The instance to set the variable on</param>
            <param name="name">The name of the variable</param>
            <param name="value">The value to set</param>
        </member>
        <member name="M:TaffyScript.TsInstance.TryGetInstance(System.Single,TaffyScript.TsInstance@)">
            <summary>
            Attempts to get an instance from an id
            </summary>
            <param name="id">Instance id</param>
            <param name="inst">If it exists, the instance with the given id</param>
            <returns></returns>
        </member>
        <member name="M:TaffyScript.TsInstance.Instances">
            <summary>
            Gets a collection of all of the current instances
            </summary>
            <returns></returns>
        </member>
        <member name="M:TaffyScript.TsInstance.Instances(System.String)">
            <summary>
            Gets a collection of all of the instances of a specified type.
            </summary>
            <param name="type">The type to get the instances of</param>
            <returns></returns>
        </member>
        <member name="T:TaffyScript.TsObject">
            <summary>
            Variant representing a TaffyScript value
            </summary>
        </member>
        <member name="P:TaffyScript.TsObject.Id">
            <summary>
            Gets a stack trace of the currently executing instances.
            </summary>
        </member>
        <member name="M:TaffyScript.TsObject.GetNumAsInt">
            <summary>
            Particularly useful when accessing native array indices.
            </summary>
        </member>
        <member name="M:TaffyScript.TsObject.GetNumAsLong">
            <summary>
            Gets this object as a long. Used for bitwise operations.
            </summary>
            <returns></returns>
        </member>
        <member name="T:TaffyScript.ITsValue">
            <summary>
            Represents a weakly typed TaffyScript value.
            </summary>
        </member>
        <member name="T:TaffyScript.ITsValue`1">
            <summary>
            Represents a stringly type TaffyScript value.
            </summary>
            <typeparam name="T"></typeparam>
        </member>
        <member name="T:TaffyScript.TsValue`1">
            <summary>
            Represents a strongly typed TaffyScript value as a struct.
            <para>
            Used for reals and strings.
            </para>
            </summary>
            <typeparam name="T"></typeparam>
        </member>
        <member name="T:TaffyScript.TsValueArray`1">
            <summary>
            Represents a strongly typed TaffyScript value.
            <para>
            Used for arrays
            </para>
            </summary>
            <typeparam name="T"></typeparam>
        </member>
        <member name="T:TaffyScript.DsGrid">
            <summary>
            Basic Grid implementation attempting to keep the same api as the ds_grid from Gamemaker.
            </summary>
        </member>
        <member name="P:TaffyScript.DsGrid.Item(System.Int32,System.Int32)">
            <summary>
            Get or set the value at the given location within a Grid.
            </summary>
            <param name="x">The x position</param>
            <param name="y">The y position</param>
            <returns>The value at the location.</returns>
        </member>
        <member name="M:TaffyScript.DsGrid.DsGridAdd(System.Int32,System.Int32,System.Int32,TaffyScript.TsObject)">
            <summary>
            Adds a value to the object at the given location.
            </summary>
            <param name="index">Grid Id</param>
            <param name="x">The x position</param>
            <param name="y">The y position</param>
            <param name="value">The value to add.</param>
        </member>
        <member name="M:TaffyScript.DsGrid.DsGridAddDisk(System.Int32,System.Int32,System.Int32,System.Int32,TaffyScript.TsObject)">
            <summary>
            Adds a value to every object within a disk.
            </summary>
            <param name="index">Grid Id</param>
            <param name="xm">The x position of the center of the disk</param>
            <param name="ym">The y position of the center of the disk</param>
            <param name="r">The radius of the disk</param>
            <param name="value">The value to add.</param>
        </member>
        <member name="M:TaffyScript.DsGrid.DsGridAddGridRegion(System.Int32,System.Int32,System.Int32,System.Int32,System.Int32,System.Int32,System.Int32,System.Int32)">
            <summary>
            Adds all of the values in a source grid to the values in a destination grid.
            </summary>
            <param name="index">The id of the destination grid</param>
            <param name="source">The id of the source grid</param>
            <param name="x1">The left position of the source region to copy</param>
            <param name="y1">The top position of the source region to copy</param>
            <param name="x2">The right position of the source region to copy</param>
            <param name="y2">The bottom position of the source region to copy</param>
            <param name="xpos">The x position in the destination grid to add the source region to.</param>
            <param name="ypos">The y position in the destination grid to add the source region to.</param>
        </member>
        <member name="M:TaffyScript.DsGrid.DsGridAddRegion(System.Int32,System.Int32,System.Int32,System.Int32,System.Int32,TaffyScript.TsObject)">
            <summary>
            Adds a value to every object within a region.
            </summary>
            <param name="index">Grid id</param>
            <param name="x1">The left position of the region</param>
            <param name="y1">The top position of the region</param>
            <param name="x2">The right position of the region</param>
            <param name="y2">The bottom position of the region</param>
            <param name="value">The value to add.</param>
        </member>
        <member name="M:TaffyScript.DsGrid.DsGridClear(System.Int32,TaffyScript.TsObject)">
            <summary>
            Sets all of the values in a grid to the specified value.
            </summary>
            <param name="index">Grid id</param>
            <param name="value">The new value.</param>
        </member>
        <member name="M:TaffyScript.DsGrid.DsGridCopy(System.Int32,System.Int32)">
            <summary>
            Copies one grid into another.
            </summary>
            <param name="destination">The destination grid id</param>
            <param name="source">The source grid id</param>
        </member>
        <member name="M:TaffyScript.DsGrid.DsGridCreate(System.Int32,System.Int32)">
            <summary>
            Creates a grid with the specified width and height.
            </summary>
            <param name="w">Grid width</param>
            <param name="h">Grid height</param>
            <returns>Grid id</returns>
        </member>
        <member name="M:TaffyScript.DsGrid.DsGridDestroy(System.Int32)">
            <summary>
            Destroys a previously created grid.
            </summary>
            <param name="index">Grid id</param>
        </member>
        <member name="M:TaffyScript.DsGrid.DsGridGet(System.Int32,System.Int32,System.Int32)">
            <summary>
            Gets the value in the grid at the specified position.
            </summary>
            <param name="index">Grid id</param>
            <param name="x">The x position</param>
            <param name="y">The y position</param>
            <returns>The retrieved value.</returns>
        </member>
        <member name="M:TaffyScript.DsGrid.DsGridGetDiskMax(System.Int32,System.Int32,System.Int32,System.Int32)">
            <summary>
            Gets the maximum value within a disk in the grid.
            </summary>
            <param name="index">Grid id</param>
            <param name="xm"></param>
            <param name="ym"></param>
            <param name="r"></param>
            <returns></returns>
        </member>
        <member name="M:TaffyScript.DsGrid.DsGridGetDiskMean(System.Int32,System.Int32,System.Int32,System.Int32)">
            <summary>
            Gets the average value within a disk in the grid.
            </summary>
            <param name="index">Grid Id</param>
            <param name="xm">The x position of the center of the disk</param>
            <param name="ym">The y position of the center of the disk</param>
            <param name="r">The radius of the disk</param>
            <returns></returns>
        </member>
        <member name="M:TaffyScript.DsGrid.DsGridGetDiskMin(System.Int32,System.Int32,System.Int32,System.Int32)">
            <summary>
            Gets the minimum value within a disk in the grid.
            </summary>
            <param name="index">Grid Id</param>
            <param name="xm">The x position of the center of the disk</param>
            <param name="ym">The y position of the center of the disk</param>
            <param name="r">The radius of the disk</param>
            <returns></returns>
        </member>
        <member name="M:TaffyScript.DsGrid.DsGridGetDiskSum(System.Int32,System.Int32,System.Int32,System.Int32)">
            <summary>
            Gets the sum of all values within a disk in the grid.
            </summary>
            <param name="index">Grid Id</param>
            <param name="xm">The x position of the center of the disk</param>
            <param name="ym">The y position of the center of the disk</param>
            <param name="r">The radius of the disk</param>
            <returns></returns>
        </member>
        <member name="M:TaffyScript.DsGrid.DsGridGetMax(System.Int32,System.Int32,System.Int32,System.Int32,System.Int32)">
            <summary>
            Gets the maximum value within a region.
            </summary>
            <param name="index">Grid id</param>
            <param name="x1">The left position of the region</param>
            <param name="y1">The top position of the region</param>
            <param name="x2">The right position of the region</param>
            <param name="y2">The bottom position of the region</param>
            <returns></returns>
        </member>
        <member name="M:TaffyScript.DsGrid.DsGridGetMean(System.Int32,System.Int32,System.Int32,System.Int32,System.Int32)">
            <summary>
            Gets the average value within a region.
            </summary>
            <param name="index">Grid id</param>
            <param name="x1">The left position of the region</param>
            <param name="y1">The top position of the region</param>
            <param name="x2">The right position of the region</param>
            <param name="y2">The bottom position of the region</param>
            <returns></returns>
        </member>
        <member name="M:TaffyScript.DsGrid.DsGridGetMin(System.Int32,System.Int32,System.Int32,System.Int32,System.Int32)">
            <summary>
            Gets the minimum value within a region.
            </summary>
            <param name="index">Grid id</param>
            <param name="x1">The left position of the region</param>
            <param name="y1">The top position of the region</param>
            <param name="x2">The right position of the region</param>
            <param name="y2">The bottom position of the region</param>
            <returns></returns>
        </member>
        <member name="M:TaffyScript.DsGrid.DsGridGetSum(System.Int32,System.Int32,System.Int32,System.Int32,System.Int32)">
            <summary>
            Gets the sum of all values within a region.
            </summary>
            <param name="index">Grid id</param>
            <param name="x1">The left position of the region</param>
            <param name="y1">The top position of the region</param>
            <param name="x2">The right position of the region</param>
            <param name="y2">The bottom position of the region</param>
            <returns></returns>
        </member>
        <member name="M:TaffyScript.DsGrid.DsGridHeight(System.Int32)">
            <summary>
            Gets the height of a grid.
            </summary>
            <param name="index">Grid id</param>
            <returns>Height</returns>
        </member>
        <member name="M:TaffyScript.DsGrid.DsGridMultiply(System.Int32,System.Int32,System.Int32,TaffyScript.TsObject)">
            <summary>
            Multiplies a value with the object at the given location.
            </summary>
            <param name="index">Grid Id</param>
            <param name="x">The x position</param>
            <param name="y">The y position</param>
            <param name="value">The value to multiply.</param>
        </member>
        <member name="M:TaffyScript.DsGrid.DsGridMultiplyDisk(System.Int32,System.Int32,System.Int32,System.Int32,TaffyScript.TsObject)">
            <summary>
            Multiplies a value with every object within a disk.
            </summary>
            <param name="index">Grid Id</param>
            <param name="xm">The x position of the center of the disk</param>
            <param name="ym">The y position of the center of the disk</param>
            <param name="r">The radius of the disk</param>
            <param name="value">The value to multiply.</param>
        </member>
        <member name="M:TaffyScript.DsGrid.DsGridMultiplyGridRegion(System.Int32,System.Int32,System.Int32,System.Int32,System.Int32,System.Int32,System.Int32,System.Int32)">
            <summary>
            Multiplies all of the values in a source grid with the values in a destination grid.
            </summary>
            <param name="index">The id of the destination grid</param>
            <param name="source">The id of the source grid</param>
            <param name="x1">The left position of the source region to copy</param>
            <param name="y1">The top position of the source region to copy</param>
            <param name="x2">The right position of the source region to copy</param>
            <param name="y2">The bottom position of the source region to copy</param>
            <param name="xpos">The x position in the destination grid to add the source region to.</param>
            <param name="ypos">The y position in the destination grid to add the source region to.</param>
        </member>
        <member name="M:TaffyScript.DsGrid.DsGridMultiplyRegion(System.Int32,System.Int32,System.Int32,System.Int32,System.Int32,TaffyScript.TsObject)">
            <summary>
            Multiplies a value with every object within a region.
            </summary>
            <param name="index">Grid id</param>
            <param name="x1">The left position of the region</param>
            <param name="y1">The top position of the region</param>
            <param name="x2">The right position of the region</param>
            <param name="y2">The bottom position of the region</param>
            <param name="value">The value to multiply.</param>
        </member>
        <member name="M:TaffyScript.DsGrid.DsGridResize(System.Int32,System.Int32,System.Int32)">
            <summary>
            Resizes a grid.
            </summary>
            <param name="index">Grid id</param>
            <param name="w">The new width</param>
            <param name="h">The new height</param>
        </member>
        <member name="M:TaffyScript.DsGrid.DsGridSet(System.Int32,System.Int32,System.Int32,TaffyScript.TsObject)">
            <summary>
            Sets the value at the given location.
            </summary>
            <param name="index">Grid Id</param>
            <param name="x">The x position</param>
            <param name="y">The y position</param>
            <param name="value">The value to set</param>
        </member>
        <member name="M:TaffyScript.DsGrid.DsGridSetDisk(System.Int32,System.Int32,System.Int32,System.Int32,TaffyScript.TsObject)">
            <summary>
            Sets every location within a disk to a value.
            </summary>
            <param name="index">Grid Id</param>
            <param name="xm">The x position of the center of the disk</param>
            <param name="ym">The y position of the center of the disk</param>
            <param name="r">The radius of the disk</param>
            <param name="value">The value to set</param>
        </member>
        <member name="M:TaffyScript.DsGrid.DsGridSetGridRegion(System.Int32,System.Int32,System.Int32,System.Int32,System.Int32,System.Int32,System.Int32,System.Int32)">
            <summary>
            Copies the contents in a source grid to a destination grid.
            </summary>
            <param name="index">The id of the destination grid</param>
            <param name="source">The id of the source grid</param>
            <param name="x1">The left position of the source region to copy</param>
            <param name="y1">The top position of the source region to copy</param>
            <param name="x2">The right position of the source region to copy</param>
            <param name="y2">The bottom position of the source region to copy</param>
            <param name="xpos">The x position in the destination grid to add the source region to.</param>
            <param name="ypos">The y position in the destination grid to add the source region to.</param>
        </member>
        <member name="M:TaffyScript.DsGrid.DsGridSetRegion(System.Int32,System.Int32,System.Int32,System.Int32,System.Int32,TaffyScript.TsObject)">
            <summary>
            Sets every location within a region to a value.
            </summary>
            <param name="index">Grid id</param>
            <param name="x1">The left position of the region</param>
            <param name="y1">The top position of the region</param>
            <param name="x2">The right position of the region</param>
            <param name="y2">The bottom position of the region</param>
            <param name="value">The value to set.</param>
        </member>
        <member name="M:TaffyScript.DsGrid.DsGridShuffle(System.Int32)">
            <summary>
            Shuffles all of the values within a grid.
            </summary>
            <param name="index">Grid id</param>
        </member>
        <member name="M:TaffyScript.DsGrid.DsGridSort(System.Int32,System.Int32,System.Boolean)">
            <summary>
            Sorts a column within a grid.
            </summary>
            <param name="index">Grid id</param>
            <param name="column">Column index</param>
            <param name="ascending">Whether the values should be sorted in ascending or descending order.</param>
        </member>
        <member name="M:TaffyScript.DsGrid.DsGridValueDiskExists(System.Int32,System.Int32,System.Int32,System.Int32,TaffyScript.TsObject)">
            <summary>
            Determines if a value exists within a disk.
            </summary>
            <param name="index">Grid Id</param>
            <param name="xm">The x position of the center of the disk</param>
            <param name="ym">The y position of the center of the disk</param>
            <param name="r">The radius of the disk</param>
            <param name="val">The value to find</param>
            <returns></returns>
        </member>
        <member name="M:TaffyScript.DsGrid.DsGridValueDiskX(System.Int32,System.Int32,System.Int32,System.Int32,TaffyScript.TsObject)">
            <summary>
            Gets the x position of a value within a disk.
            </summary>
            <param name="index">Grid Id</param>
            <param name="xm">The x position of the center of the disk</param>
            <param name="ym">The y position of the center of the disk</param>
            <param name="r">The radius of the disk</param>
            <param name="val">The value to find</param>
            <returns></returns>
        </member>
        <member name="M:TaffyScript.DsGrid.DsGridValueDiskY(System.Int32,System.Int32,System.Int32,System.Int32,TaffyScript.TsObject)">
            <summary>
            Gets the y position of a value within a disk.
            </summary>
            <param name="index">Grid Id</param>
            <param name="xm">The x position of the center of the disk</param>
            <param name="ym">The y position of the center of the disk</param>
            <param name="r">The radius of the disk</param>
            <param name="val">The value to find</param>
            <returns></returns>
        </member>
        <member name="M:TaffyScript.DsGrid.DsGridValueExists(System.Int32,System.Int32,System.Int32,System.Int32,System.Int32,TaffyScript.TsObject)">
            <summary>
            Determines if a value exists within a region.
            </summary>
            <param name="index">Grid id</param>
            <param name="x1">The left position of the region</param>
            <param name="y1">The top position of the region</param>
            <param name="x2">The right position of the region</param>
            <param name="y2">The bottom position of the region</param>
            <param name="val"></param>
            <returns></returns>
        </member>
        <member name="M:TaffyScript.DsGrid.DsGridValueX(System.Int32,System.Int32,System.Int32,System.Int32,System.Int32,TaffyScript.TsObject)">
            <summary>
            Gets the x position of a value within a region.
            </summary>
            <param name="index">Grid id</param>
            <param name="x1">The left position of the region</param>
            <param name="y1">The top position of the region</param>
            <param name="x2">The right position of the region</param>
            <param name="y2">The bottom position of the region</param>
            <param name="val">The value to find</param>
            <returns></returns>
        </member>
        <member name="M:TaffyScript.DsGrid.DsGridValueY(System.Int32,System.Int32,System.Int32,System.Int32,System.Int32,TaffyScript.TsObject)">
            <summary>
            Gets the y position of a value within a region.
            </summary>
            <param name="index">Grid id</param>
            <param name="x1">The left position of the region</param>
            <param name="y1">The top position of the region</param>
            <param name="x2">The right position of the region</param>
            <param name="y2">The bottom position of the region</param>
            <param name="val">The value to find</param>
            <returns></returns>
        </member>
        <member name="M:TaffyScript.DsGrid.DsGridWidth(System.Int32)">
            <summary>
            Gets the width of a grid.
            </summary>
            <param name="index">Grid id</param>
            <returns></returns>
        </member>
        <member name="M:TaffyScript.DsGrid.DsGridSetGridRegion(TaffyScript.DsGrid,TaffyScript.DsGrid,System.Int32,System.Int32,System.Int32,System.Int32,System.Int32,System.Int32)">
            <summary>
            Copies the contents in a source grid to a destination grid.
            </summary>
            <param name="index">The destination grid</param>
            <param name="source">The source grid</param>
            <param name="x1">The left position of the source region to copy</param>
            <param name="y1">The top position of the source region to copy</param>
            <param name="x2">The right position of the source region to copy</param>
            <param name="y2">The bottom position of the source region to copy</param>
            <param name="xpos">The x position in the destination grid to add the source region to.</param>
            <param name="ypos">The y position in the destination grid to add the source region to.</param>
        </member>
        <member name="M:TaffyScript.DsGrid.OverRegion(System.Int32,System.Int32,System.Int32,System.Int32,System.Action{System.Int32,System.Int32,TaffyScript.DsGrid})">
            <summary>
            Performs an action on each value in a region.
            </summary>
            <param name="x1">The left position of the region</param>
            <param name="y1">The top position of the region</param>
            <param name="x2">The right position of the region</param>
            <param name="y2">The bottom position of the region</param>
            <param name="action">The action to perform (Takes in x-position, y-position, and the grid calling the action)</param>
        </member>
        <member name="M:TaffyScript.DsGrid.OverDisk(System.Int32,System.Int32,System.Int32,System.Action{System.Int32,System.Int32,TaffyScript.DsGrid})">
            <summary>
            Performs an action on each value within a region.
            </summary>
            <param name="xm">The x position of the center of the disk</param>
            <param name="ym">The y position of the center of the disk</param>
            <param name="r">The radius of the disk</param>
            <param name="action">The action to perform (Takes in x-position, y-position, and the grid calling the action)</param>
        </member>
        <member name="M:TaffyScript.DsGrid.InDisk(System.Int32,System.Int32,System.Int32,TaffyScript.TsObject)">
            <summary>
            Determines if a value is within a disk.
            </summary>
            <param name="xm">The x position of the center of the disk</param>
            <param name="ym">The y position of the center of the disk</param>
            <param name="r">The radius of the disk</param>
            <param name="val">The value to find</param>
            <returns></returns>
        </member>
        <member name="M:TaffyScript.DsGrid.InDisk``1(System.Int32,System.Int32,System.Int32,TaffyScript.TsObject,``0@,System.Func{System.Int32,System.Int32,``0})">
            <summary>
            Determines if a value is within a disk, performing an event if it is found.
            </summary>
            <param name="xm">The x position of the center of the disk</param>
            <param name="ym">The y position of the center of the disk</param>
            <param name="r">The radius of the disk</param>
            <param name="val">The value to find</param>
            <param name="result">The result of setter</param>
            <param name="setter">The action to perform if the value is found.</param>
            <returns></returns>
        </member>
        <member name="M:TaffyScript.DsGrid.InRegion(System.Int32,System.Int32,System.Int32,System.Int32,TaffyScript.TsObject)">
            <summary>
            Determines if a value is within a region.
            </summary>
            <param name="x1">The left position of the region</param>
            <param name="y1">The top position of the region</param>
            <param name="x2">The right position of the region</param>
            <param name="y2">The bottom position of the region</param>
            <param name="val">The value to find</param>
            <returns></returns>
        </member>
        <member name="M:TaffyScript.DsGrid.InRegion``1(System.Int32,System.Int32,System.Int32,System.Int32,TaffyScript.TsObject,``0@,System.Func{System.Int32,System.Int32,``0})">
            <summary>
            Determines if a value is within a region, performing an action if it is.
            </summary>
            <param name="x1">The left position of the region</param>
            <param name="y1">The top position of the region</param>
            <param name="x2">The right position of the region</param>
            <param name="y2">The bottom position of the region</param>
            <param name="val">The value to find</param>
            <param name="result">The result of setter</param>
            <param name="setter">The action to perform if the value is found</param>
            <returns></returns>
        </member>
        <member name="T:TaffyScript.InstanceEnumerator">
            <summary>
            Enumerator used to cycle through <see cref="T:TaffyScript.TsInstance"/>s.
            </summary>
        </member>
        <member name="T:TaffyScript.WeakLibraryAttribute">
            <summary>
            Tags an assembly as a weak TaffyScript assembly.
            </summary>
        </member>
        <member name="T:TaffyScript.WeakMethodAttribute">
            <summary>
            Tags a method as a weak TaffyScript method.
            </summary>
        </member>
        <member name="T:TaffyScript.WeakObjectAttribute">
            <summary>
            Tags an object as a weak TaffyScript object.
            </summary>
        </member>
    </members>
</doc>
